Question,Answer
"What does LCK stand for in the context of League of Legends?","LCK stands for League of Legends Champions Korea, the top professional League of Legends league in South Korea."
"When was the LCK first established?","The LCK was first established in 2012."
"Which team won the first LCK championship?","MiG Blaze (later known as CJ Entus Blaze) won the first LCK championship in 2012."
"How many teams currently compete in the LCK?","As of October 2023, ten teams compete in the LCK."
"Which team has won the most LCK championships?","T1 (formerly SK Telecom T1) has won the most LCK championships."
"Who is the most decorated player in LCK history?","Lee ""Faker"" Sang-hyeok is considered the most decorated player in LCK history."
"What role does Faker play in his team?","Faker plays as the mid laner for T1."
"How many seasons are held in the LCK each year?","The LCK holds two seasons each year: Spring Split and Summer Split."
"What is the significance of winning the LCK Summer Split?","Winning the LCK Summer Split often secures a direct seed to the League of Legends World Championship."
"What are the main broadcasting platforms for LCK matches?","LCK matches are primarily broadcast on platforms like Twitch and YouTube."
"What is the format of an LCK regular-season match?","Regular-season matches are played in a best-of-three series."
"When did the LCK transition to a franchised league?","The LCK transitioned to a franchised league in 2021."
"Who are some of the most famous LCK casters?","Famous LCK casters include Valdes and Wolf Schroeder."
"What is the highest achievement for an LCK team internationally?","Winning the League of Legends World Championship is the highest achievement."
"Which LCK team has won the most World Championships?","T1 has won the most World Championships among LCK teams."
"How does the LCK contribute to the international League of Legends scene?","The LCK is considered one of the strongest regions and often produces top-tier teams for international competitions."
"What are some well-known LCK teams?","Well-known LCK teams include T1, Gen.G, DWG KIA, and KT Rolster."
"Who won the LCK Summer Split in 2023?","Gen.G won the LCK Summer Split in 2023."
"What is the prize for winning an LCK split?","The winning team receives a cash prize and qualification for international events."
"How are players recruited into LCK teams?","Players are scouted from lower-tier leagues, solo queue rankings, or through tryouts and academy systems."
"What is the significance of the Korean Solo Queue for LCK players?","It's a high-level competitive environment crucial for practice and talent scouting."
"What is the KeSPA Cup?","The KeSPA Cup is an annual tournament featuring LCK and lower-tier teams, organized by the Korean e-Sports Association."
"Who is Bengi in the context of the LCK?","Bengi is a former professional jungler for T1, known for multiple World Championship victories."
"What is the role of a coach in an LCK team?","A coach guides the team's strategy, drafts, and overall performance improvement."
"What does 'meta' mean in the LCK?","'Meta' refers to the most effective strategies and champion picks prevalent in the current game patch."
"How does the LCK differ from other regional leagues?","The LCK is known for disciplined, macro-oriented play and is often considered one of the strongest regions."
"What happened to BBQ Olivers?","BBQ Olivers was a former LCK team sponsored by a Korean BBQ brand."
"Who is Deft and which team does he play for?","Deft is a renowned AD carry who plays for DWG KIA as of 2023."
"What is a champion pool in professional play?","A champion pool is the variety of champions a player is proficient with in competitive matches."
"What was the Rift Rivals tournament?","Rift Rivals was an international tournament showcasing regional rivalries, where LCK teams competed against other regions."
"Who is Cuzz and what role does he play?","Cuzz is a professional jungler who has played for teams like T1 and KT Rolster."
"What is the 'Worlds song' and its relation to the LCK?","The 'Worlds song' is an annual anthem for the World Championship, resonating with all regions including the LCK."
"How do LCK teams qualify for the World Championship?","Teams qualify based on their performance in the Spring and Summer Splits, earning championship points."
"What is the LCK Academy Series?","It's a secondary league for developing amateur and semi-professional players aiming for the LCK."
"Who is kkOma and what is his significance?","kkOma is a legendary coach who led T1 to multiple World Championships."
"What is the LCK's approach to game strategy?","The LCK emphasizes macro-focused, strategic gameplay and strong teamwork."
"Which player is known as 'The Unkillable Demon King'?","Faker is often referred to as 'The Unkillable Demon King.'"
"What is the average game time in LCK matches?","LCK matches tend to have longer average game times due to strategic playstyles."
"How has the LCK influenced the global meta?","LCK strategies and champion picks often set trends adopted worldwide."
"What is the role of the jungler in an LCK team?","The jungler roams the map to secure objectives and assist lanes."
"Who are Peanut and Canyon?","They are prominent LCK junglers known for their exceptional play."
"What is LCK CL?","LCK CL is the Challengers League, the secondary league beneath the main LCK."
"How do LCK teams prepare for international tournaments?","They undergo intensive training, scrimmages, and analyze international teams."
"What was the 'Sivir Bug Incident' in the LCK?","A critical bug involving Sivir led to a game remake and discussions on competitive integrity."
"Who is Ruler and what is his significance?","Ruler is a former LCK AD carry known for winning Worlds with Samsung Galaxy in 2017."
"Which champion is Faker famously associated with?","Faker is famously associated with LeBlanc."
"What is the role of an analyst in LCK teams?","Analysts study game data and opponent strategies to provide insights."
"What is the importance of vision control in LCK games?","Vision control is crucial for map awareness and objective control."
"How does the LCK schedule impact players?","The rigorous schedule requires players to maintain peak physical and mental health."
"What is the 'Korean Hype Train'?","A term describing the excitement and high expectations for LCK teams internationally."
"Who is TheShy and is he part of the LCK?","TheShy is a Korean top laner who plays in the LPL, not the LCK."
"What impact did COVID-19 have on the LCK?","The LCK shifted to online matches and implemented health protocols."
"What is Baron Nashor and its significance?","Baron Nashor is a powerful objective providing buffs, pivotal in LCK games."
"How do LCK teams utilize macro play?","They focus on objective control, map rotations, and strategic planning."
"Who is Canna?","Canna is a professional top laner who has played for T1 and Nongshim RedForce."
"What is the Elder Dragon in League of Legends?","The Elder Dragon provides powerful buffs, often game-deciding in matches."
"How are substitutes used in LCK teams?","Substitutes are rotated in for strategic flexibility or performance issues."
"What is the All-Pro Team in the LCK?","A selection of the best players in each role for a particular split."
"Who won the MVP award for the LCK Summer Split 2023?","Chovy from Gen.G won the MVP award."
"What is match fixing and has it affected the LCK?","Match fixing is manipulating game outcomes; the LCK has had past incidents leading to strict regulations."
"Who is Khan?","Khan is a retired top laner known for his aggressive play and multiple LCK titles."
"What is the significance of the LCK Grand Finals venue?","It's often held in large arenas, highlighting the championship's importance."
"What are champion skins and how do they relate to LCK victories?","Championship-winning teams design in-game skins to commemorate their victory."
"What is a scrim in the context of the LCK?","A scrim is a practice match between professional teams."
"Who is Score and what is his legacy?","Score is a former jungler known for his long career and championship with KT Rolster."
"What is the importance of first blood in LCK games?","First blood gives an early advantage but is less emphasized compared to objectives."
"How do LCK teams approach drafting champions?","They strategize picks and bans to counter opponents and fit their game plan."
"Who is Mata and what roles has he held?","Mata is a former support player and coach, known for exceptional shot-calling."
"What is split push and how is it used in the LCK?","A strategy where a player pressures a side lane, forcing enemy responses."
"What role does dragon control play in LCK matches?","Controlling dragons provides buffs crucial for long-term advantages."
"How are substitutes used for strategic flexibility in LCK teams?","They allow teams to adapt to different strategies and opponent playstyles."
"What is the MVP award in the LCK?","An award given to the most valuable player during a split."
"How significant is objective control in LCK strategies?","It's critical for securing advantages and dictating the game's pace."
"What is the role of support in an LCK team?","Supports aid the AD carry, provide vision control, and facilitate engagements."
"Who is Lehends?","Lehends is a professional support player known for unique champion picks."
"What is ganking in League of Legends?","When a player ambushes a lane to help secure a kill."
"How do LCK teams handle late-game scenarios?","By focusing on positioning, vision control, and coordinated team fights."
"What is the power spike concept?","A point where a champion becomes significantly stronger, often after key items."
"Who is Teddy?","Teddy is a professional AD carry known for high CS per minute and late-game potential."
"What is a pentakill and its significance?","When a player kills all five enemies in quick succession; it's rare and celebrated."
"How does the LCK address player burnout?","Through rest periods, mental health support, and balanced practice schedules."
"What is shotcalling?","In-game decision-making and strategy direction, often led by the team's captain."
"Who is Keria?","Keria is a professional support player for T1, known for mechanical skill."
"What does a 'clean sweep' mean in LCK playoffs?","Winning a series without losing any games, such as a 3-0 victory."
"How important is mechanical skill in the LCK?","While important, the LCK emphasizes strategic play and teamwork."
"What is TP and its usage in LCK games?","TP stands for Teleport, a summoner spell for map mobility."
"Who is Ghost?","Ghost is a professional AD carry who won Worlds with DWG KIA in 2020."
"What is the kill participation statistic?","Measures the percentage of team kills a player is involved in."
"How do LCK teams utilize split push strategies?","By applying pressure in multiple lanes to stretch enemy defenses."
"What does CC stand for in League of Legends?","CC stands for Crowd Control, abilities that impair enemies."
"Who is Doinb and is he part of the LCK?","Doinb is a Korean mid laner who plays in the LPL, not the LCK."
"What is itemization?","Choosing items to maximize a champion's effectiveness."
"Who is Kuro?","Kuro is a retired mid laner known for his time with ROX Tigers."
"What is macro play?","Overall strategic gameplay, including map movements and resource allocation."
"How significant is the Dragon Soul in LCK matches?","Securing it provides powerful buffs that can be game-changing."
"Who is Bang?","Bang is a retired AD carry known for winning multiple Worlds with T1."
"What is a reset in the context of champion abilities?","When ability cooldowns are refreshed upon specific triggers."
"Who is Zeus in the LCK?","Zeus is a young top laner for T1, known for strong mechanics."
"What are patch notes and their importance?","They detail game updates; teams analyze them to adjust strategies."
"How do LCK teams manage wave control?","By manipulating minion waves for gold, experience, and map pressure."
"Who is Tarzan?","Tarzan is a Korean jungler who plays in the LPL."
"What is early game strategy in the LCK?","Establishing lane dominance and setting up mid-game advantages."
"Who is Effort?","Effort is a professional support player who has played for T1."
"What is peeling in team fights?","Protecting teammates by controlling or deterring threats."
"How do LCK teams approach the draft phase?","By planning picks and bans to counter opponents."
"Who is CuVee?","CuVee is a retired top laner who won Worlds with Samsung Galaxy."
"What is a meta shift?","Changes that alter which champions and strategies are most effective."
"Who is Smeb?","Smeb is a retired top laner known for his time with KT Rolster."
"What is turret plating and its impact?","Early game turret defenses that provide gold when destroyed."
"Who is GorillA?","GorillA is a retired support player known for synergy with PraY."
"What is freezing in lane management?","Keeping the minion wave near your turret to deny enemy farm."
"Who is Huni?","Huni is a retired top laner who played in the LCK and internationally."
"What are objective bounties?","Extra gold given to teams that are behind when securing objectives."
"Who is Mystic?","Mystic is a professional AD carry known for his time with Afreeca Freecs."
"What is team synergy?","The effectiveness of a team's coordination during gameplay."
"Who is Flame?","Flame is a retired top laner known for his 'Flame Horizon' achievement."
"What is lane priority?","Control over the lane, allowing rotations and objective control."
"Who is Crown?","Crown is a retired mid laner who won Worlds with Samsung Galaxy."
"What is scaling in League of Legends?","How a champion becomes stronger as the game progresses."
"Who is Nuguri?","Nuguri is a professional top laner known for aggressive play with DWG KIA."
"What is counter picking?","Choosing champions that have advantages over opponents' picks."
"Who is CoreJJ?","CoreJJ is a support player who played in the LCK and currently plays in the LCS."
"What is a hyper carry?","A champion that becomes extremely powerful in the late game."
"Who is Fly?","Fly is a mid laner who has played for various LCK teams."
"What is roaming?","Leaving one's lane to assist teammates in other lanes."
"Who is Spirit?","Spirit is a retired jungler known for his time with Afreeca Freecs."
"What is pick composition?","A team strategy focusing on isolating and eliminating targets."
"Who is Kramer?","Kramer is an AD carry who has played in both the LCK and LPL."
"What is zoning?","Controlling areas to deny enemy access."
"Who is Ucal?","Ucal is a mid laner who has played for KT Rolster."
"What is KDA?","Kills, Deaths, Assists ratio measuring player performance."
"Who is OnFleek?","OnFleek is a jungler known for aggressive play."
"What is a laning matchup?","How two champions fare against each other in lane."
"Who is Leo?","Leo is an AD carry who has played for T1."
"What is teamfight composition?","A strategy focusing on five-versus-five engagements."
"Who is Nova?","Nova is a support player in the LCK."
"What is map control?","Dominance over the game's geography for awareness and objectives."
"Who is Justice?","Justice is a mid laner who has played in the LCK."
"What is split push composition?","A strategy focusing on side lane pressure."
"Who is Zzus?","Zzus is a support player in the LCK."
"What is aggro management?","Controlling the attention of enemy minions or turrets."
"Who is Irove?","Irove is a support player in the LCK."
"What is wave clear?","The ability to quickly eliminate minion waves."
"Who is Cover?","Cover is a mid laner who has played in the LCK."
"What is a dive in League of Legends?","Attacking enemies under their turret, requiring coordination."
"Who is Haru?","Haru is a jungler known for his time with Samsung Galaxy."
"What is kiting?","Attacking while maintaining distance from the enemy."
"Who is Punch?","Punch is a jungler in the LCK."
"What is burst damage?","High damage dealt in a short period."
"Who is Roach?","Roach is a top laner in the LCK."
"What is snowballing?","Gaining an early advantage and increasing it over time."
"Who is Tempt?","Tempt is a mid laner who has played in the LCK."
"What is hard engage?","Initiating fights aggressively with crowd control."
"Who is UmTi?","UmTi is a jungler in the LCK."
"What is siege composition?","A strategy focusing on taking down enemy structures."
"What is rotation in League of Legends?","Moving around the map to apply pressure."
"Who is Lava?","Lava is a mid laner in the LCK."
"What is vision denial?","Removing enemy wards to limit their map awareness."
"Who is Malrang?","Malrang is a jungler who has played in the LCK and LEC."
"What is scaling composition?","A team strategy focusing on champions that become stronger over time."
"Who is Kuzan?","Kuzan is a mid laner in the LCK."
"What is disengage?","Abilities and strategies used to exit unfavorable fights."
"Who is Kellin?","Kellin is a support player in the LCK."
"What is a front-to-back teamfight?","Engaging starting with the frontline and progressing to the backline."
"Who is HyBriD?","HyBriD is an AD carry in the LCK."
"What is mental fortitude in competitive play?","Psychological resilience to perform under pressure."
"Who is Jelly?","Jelly is a support player in the LCK."
"What is side lane pressure?","Applying pressure on side lanes to force enemy responses."
"What is cooldown management?","Strategically using abilities considering their cooldowns."
"Who is Moojin?","Moojin is a jungler who has played in the LMS and LCK."
"What is outscale?","When a team's champions become stronger than the opponents' in the late game."
"Who is Sangyoon?","Sangyoon is a retired AD carry from the LCK."
"What is objective rush?","Quickly securing an objective before the enemy can respond."
"Who is Pilot?","Pilot is an AD carry who has played in the LCK."
"What is invading in League of Legends?","Entering the enemy jungle to disrupt or steal resources."
"Who is Totoro?","Totoro is a support player in the LCK."
"What is vision control?","Dominating ward placement for map awareness."
"What is juking?","Dodging enemy abilities through unpredictable movements."
"Who is Mightybear?","Mightybear is a jungler who has played in the LCK."
"What is a skill shot?","An ability that requires precise aiming to hit the target."
"Who is Reiz?","Reiz is a mid laner who has played in the LCK."
"What is micro play?","Individual mechanical skill and decision-making of a player."
